tmp.site,Qmean,BFF,SFF,DRF,Error
12167000,4.40206e+06,0.404,0.596,0.28,0.892473
