tmp.site,tmp.area,Lb,X1,Wb,POR,ALPHA,BETA,Ks,Kb,Kz,Qthresh,Rs,Rb1,Rb2,Prec,Frac4Rise,RecessionRMSE,SDRError,BFF,Error
01134500,195000000.0,33600.663512750245,4.343804562528579,479.3955328357868,0.015328547899125392,0.07155551395203927,9.130668635893636,22.02996908103769,13.802580157156735,3.4580097226724216,89769.7499172766,-0.34443531189634247,-0.0664746497102641,-0.07816841670972954,3615.0600261029067,0.05,0.484087970275863,0.21098960685971757,0.4946418606261434,0.4716009275731551
