tmp.site,tmp.area,Lb,X1,Wb,POR,ALPHA,BETA,Ks,Kb,Kz,Qthresh,Rs,Rb1,Rb2,Prec,Frac4Rise,KGE,RecessionError,BFF,Error
01134500,195000000.0,54923.50240392127,16.03669197472193,803.9685125626121,0.15,0.03199229170639284,1.1714415148312585,1037.8411320225368,57433.02899471083,6.060538858098824,133979.37002534338,-0.34615477132486894,-0.07341444780198635,-0.07438847457204555,3632.9200275854137,0.05,0.8638885460074702,0.059972882292258195,0.5529162925654741,0.5493246955608763
