tmp.site,tmp.area,Lb,X1,Wb,POR,ALPHA,BETA,Ks,Kb,Kz,Qthresh,Rs,Rb1,Rb2,Prec,Frac4Rise,RecessionRMSE,RecessionError,BFF,Error
01134500,195000000.0,9085.427539054845,7.959066970860205,2020.6098675202388,0.15976990104130134,0.0006214771259805466,13.843825037838537,86991.33750266477,280.9079769137975,869.8695419389624,89769.7499172766,-0.34443531189634247,-0.0664746497102641,-0.07816841670972954,3615.0600261029067,0.05,0.42453028916254076,0.036167342343427805,0.3486102952850306,0.46967473051998043
