tmp.site,tmp.area,Lb,X1,Wb,POR,ALPHA,BETA,Ks,Kb,Kz,Qthresh,Rs,Rb1,Rb2,Prec,Frac4Rise,BFSObjective,BFF,Error
01134500,195000000.0,2506.4841470260126,37.380656288658514,2466.3902295509847,0.15,0.0021086094580637397,16.1180091030834,69696.97567527718,15.16075496673275,50255.027732506125,89769.7499172766,-0.34443531189634247,-0.0664746497102641,-0.07816841670972954,3615.0600261029067,0.05,0.4643483717317041,0.27046061931923376,0.5046814113634173
