tmp.site,tmp.area,Lb,X1,Wb,POR,ALPHA,BETA,Ks,Kb,Kz,Qthresh,Rs,Rb1,Rb2,Prec,Frac4Rise,KGE,RecessionError,Error,BFF
01134500,195000000.0,22614.187393145658,74.90608330479473,2144.13895178389,0.15,0.036043872205559324,1.0356660071658126,2204.927333219687,47884.216443186146,0.6018207355798496,133979.37002534338,-0.34615477132486894,-0.07341445598388488,-0.07438846827078127,3632.9200275854137,0.05,0.9208664046934134,0.027110446353476963,0.4297713425215248,0.580800549519017
