tmp.site,tmp.area,Lb,X1,Wb,POR,ALPHA,BETA,Ks,Kb,Kz,Qthresh,Rs,Rb1,Rb2,Prec,Frac4Rise,RecessionRMSE,RecessionError,BFF,Error
04123500,318570000.0,2004.343412488404,3.2731968827311233,1317.5864977068002,0.48888437249988914,0.09836054764948693,0.9512199024512025,60.628774101618234,54.2050064972021,1.0001178497962767e-08,435489.73056,-0.13422004890398392,-0.008098036080018522,-0.004712724546620417,37921.85856,0.05,0.4803844263772332,0.002333676241701183,0.061948161252937485,0.8555355503251221
